id;prenom;nom;email;telephone;matricule
1;task-force;Account;Archambaud_Dupuis@hotmail.fr;0542631198;synthesizing
2;a Agent;payment regional driver;Mayeul73@gmail.com;0282959340;neural-net transition
3;Industrial Market;b innovate;Sandrine_Mercier@hotmail.fr;+33 739493370;challenge migration Buckinghamshire
4;optical;Beauty Berkshire Nesle;Adeline_Brun37@yahoo.fr;+33 501800967;Unbranded Specialiste invoice
5;architecture e-business engineer;Awesome;Hildebert6@gmail.com;0300641529;Ingenieur Licensed parse
6;synthesize Buckinghamshire;tertiary Home;Romo.Hubert@hotmail.fr;+33 481813652;Pound Designer
7;de sensor Market;Dahomey;Madeleine_Bertrand@gmail.com;0247869212;Devolved Dobra Su√®de
8;index sensor Grass-roots;b incentivize;Andoche_Robert21@gmail.com;+33 790251079;capacitor b Automotive
9;interface Ergonomic;b;Eubert16@yahoo.fr;0767783204;c
10;Maurice;Rwanda UAE Buckinghamshire;Rachel64@hotmail.fr;+33 164495528;Quality-focused
